vessel,form_code,year,month,status,dept,pic,ket,submitted_at,updated_at
Express,009,2026,1,C,Deck,Master,BLN,,
Express,009,2026,2,C,Deck,Master,BLN,,
Express,009,2026,3,C,Deck,Master,BLN,,
Express,009,2026,4,C,Deck,Master,BLN,,
Express,009,2026,5,C,Deck,Master,BLN,,
Express,009,2026,6,C,Deck,Master,BLN,,
Express,009,2026,7,S,Deck,Master,BLN,,
Express,009,2026,8,S,Deck,Master,BLN,,
Express,009,2026,9,S,Deck,Master,BLN,,
Express,009,2026,10,S,Deck,Master,BLN,,
Express,009,2026,11,S,Deck,Master,BLN,,
Express,009,2026,12,S,Deck,Master,BLN,,
Express,018,2026,1,C,Deck,CO,BLN,,
Express,018,2026,2,C,Deck,CO,BLN,,
Express,018,2026,3,C,Deck,CO,BLN,,
Express,018,2026,4,C,Deck,CO,BLN,,
Express,018,2026,5,C,Deck,CO,BLN,,
Express,018,2026,6,C,Deck,CO,BLN,,
Express,018,2026,7,S,Deck,CO,BLN,,
Express,018,2026,8,S,Deck,CO,BLN,,
Express,018,2026,9,S,Deck,CO,BLN,,
Express,018,2026,10,S,Deck,CO,BLN,,
Express,018,2026,11,S,Deck,CO,BLN,,
Express,018,2026,12,S,Deck,CO,BLN,,
Express,022,2026,1,C,Deck,Master,BLN,,
Express,022,2026,2,C,Deck,Master,BLN,,
Express,022,2026,3,C,Deck,Master,BLN,,
Express,022,2026,4,C,Deck,Master,BLN,,
Express,022,2026,5,C,Deck,Master,BLN,,
Express,022,2026,6,C,Deck,Master,BLN,,
Express,022,2026,7,S,Deck,Master,BLN,,
Express,022,2026,8,S,Deck,Master,BLN,,
Express,022,2026,9,S,Deck,Master,BLN,,
Express,022,2026,10,S,Deck,Master,BLN,,
Express,022,2026,11,S,Deck,Master,BLN,,
Express,022,2026,12,S,Deck,Master,BLN,,
Express,023,2026,1,C,Deck,Master,BLN,,
Express,023,2026,2,C,Deck,Master,BLN,,
Express,023,2026,3,C,Deck,Master,BLN,,
Express,023,2026,4,C,Deck,Master,BLN,,
Express,023,2026,5,C,Deck,Master,BLN,,
Express,023,2026,6,C,Deck,Master,BLN,,
Express,023,2026,7,S,Deck,Master,BLN,,
Express,023,2026,8,S,Deck,Master,BLN,,
Express,023,2026,9,S,Deck,Master,BLN,,
Express,023,2026,10,S,Deck,Master,BLN,,
Express,023,2026,11,S,Deck,Master,BLN,,
Express,023,2026,12,S,Deck,Master,BLN,,
Express,024,2026,1,C,Deck,Master,BLN,,
Express,024,2026,2,C,Deck,Master,BLN,,
Express,024,2026,3,C,Deck,Master,BLN,,
Express,024,2026,4,C,Deck,Master,BLN,,
Express,024,2026,5,C,Deck,Master,BLN,,
Express,024,2026,6,C,Deck,Master,BLN,,
Express,024,2026,7,S,Deck,Master,BLN,,
Express,024,2026,8,S,Deck,Master,BLN,,
Express,024,2026,9,S,Deck,Master,BLN,,
Express,024,2026,10,S,Deck,Master,BLN,,
Express,024,2026,11,S,Deck,Master,BLN,,
Express,024,2026,12,S,Deck,Master,BLN,,
Express,025,2026,1,C,Deck,Master,2 BLN,,
Express,025,2026,3,C,Deck,Master,2 BLN,,
Express,025,2026,5,C,Deck,Master,2 BLN,,
Express,025,2026,7,S,Deck,Master,2 BLN,,
Express,025,2026,9,S,Deck,Master,2 BLN,,
Express,025,2026,11,S,Deck,Master,2 BLN,,
Express,026,2026,3,C,Deck,Master,TRW,,
Express,026,2026,6,C,Deck,Master,TRW,,
Express,026,2026,9,S,Deck,Master,TRW,,
Express,026,2026,12,S,Deck,Master,TRW,,
Express,027,2026,3,C,Deck,Master,TRW,,
Express,027,2026,6,C,Deck,Master,TRW,,
Express,027,2026,9,S,Deck,Master,TRW,,
Express,027,2026,12,S,Deck,Master,TRW,,
Express,028,2026,3,C,Deck,Master,TRW,,
Express,028,2026,6,C,Deck,Master,TRW,,
Express,028,2026,9,S,Deck,Master,TRW,,
Express,028,2026,12,S,Deck,Master,TRW,,
Express,038,2026,3,C,Deck,CO,TRW,,
Express,038,2026,6,C,Deck,CO,TRW,,
Express,038,2026,9,S,Deck,CO,TRW,,
Express,038,2026,12,S,Deck,CO,TRW,,
Express,040 A,2026,1,C,Engine,CE,BLN,,
Express,040 A,2026,2,C,Engine,CE,BLN,,
Express,040 A,2026,3,C,Engine,CE,BLN,,
Express,040 A,2026,4,C,Engine,CE,BLN,,
Express,040 A,2026,5,C,Engine,CE,BLN,,
Express,040 A,2026,6,C,Engine,CE,BLN,,
Express,040 A,2026,7,S,Engine,CE,BLN,,
Express,040 A,2026,8,S,Engine,CE,BLN,,
Express,040 A,2026,9,S,Engine,CE,BLN,,
Express,040 A,2026,10,S,Engine,CE,BLN,,
Express,040 A,2026,11,S,Engine,CE,BLN,,
Express,040 A,2026,12,S,Engine,CE,BLN,,
Express,040 C,2026,1,C,Engine,CE,BLN,,
Express,040 C,2026,2,C,Engine,CE,BLN,,
Express,040 C,2026,3,C,Engine,CE,BLN,,
Express,040 C,2026,4,C,Engine,CE,BLN,,
Express,040 C,2026,5,C,Engine,CE,BLN,,
Express,040 C,2026,6,C,Engine,CE,BLN,,
Express,040 C,2026,7,S,Engine,CE,BLN,,
Express,040 C,2026,8,S,Engine,CE,BLN,,
Express,040 C,2026,9,S,Engine,CE,BLN,,
Express,040 C,2026,10,S,Engine,CE,BLN,,
Express,040 C,2026,11,S,Engine,CE,BLN,,
Express,040 C,2026,12,S,Engine,CE,BLN,,
Express,041,2026,1,C,Engine,2E,BLN,,
Express,041,2026,2,C,Engine,2E,BLN,,
Express,041,2026,3,C,Engine,2E,BLN,,
Express,041,2026,4,C,Engine,2E,BLN,,
Express,041,2026,5,C,Engine,2E,BLN,,
Express,041,2026,6,C,Engine,2E,BLN,,
Express,041,2026,7,S,Engine,2E,BLN,,
Express,041,2026,8,S,Engine,2E,BLN,,
Express,041,2026,9,S,Engine,2E,BLN,,
Express,041,2026,10,S,Engine,2E,BLN,,
Express,041,2026,11,S,Engine,2E,BLN,,
Express,041,2026,12,S,Engine,2E,BLN,,
Express,042,2026,1,C,Engine,2E,BLN,,
Express,042,2026,2,C,Engine,2E,BLN,,
Express,042,2026,3,C,Engine,2E,BLN,,
Express,042,2026,4,C,Engine,2E,BLN,,
Express,042,2026,5,C,Engine,2E,BLN,,
Express,042,2026,6,C,Engine,2E,BLN,,
Express,042,2026,7,S,Engine,2E,BLN,,
Express,042,2026,8,S,Engine,2E,BLN,,
Express,042,2026,9,S,Engine,2E,BLN,,
Express,042,2026,10,S,Engine,2E,BLN,,
Express,042,2026,11,S,Engine,2E,BLN,,
Express,042,2026,12,S,Engine,2E,BLN,,
Express,043,2026,1,C,Engine,2E,BLN,,
Express,043,2026,2,C,Engine,2E,BLN,,
Express,043,2026,3,C,Engine,2E,BLN,,
Express,043,2026,4,C,Engine,2E,BLN,,
Express,043,2026,5,C,Engine,2E,BLN,,
Express,043,2026,6,C,Engine,2E,BLN,,
Express,043,2026,7,S,Engine,2E,BLN,,
Express,043,2026,8,S,Engine,2E,BLN,,
Express,043,2026,9,S,Engine,2E,BLN,,
Express,043,2026,10,S,Engine,2E,BLN,,
Express,043,2026,11,S,Engine,2E,BLN,,
Express,043,2026,12,S,Engine,2E,BLN,,
Express,044,2026,1,C,Engine,2E,BLN,,
Express,044,2026,2,C,Engine,2E,BLN,,
Express,044,2026,3,C,Engine,2E,BLN,,
Express,044,2026,4,C,Engine,2E,BLN,,
Express,044,2026,5,C,Engine,2E,BLN,,
Express,044,2026,6,C,Engine,2E,BLN,,
Express,044,2026,7,S,Engine,2E,BLN,,
Express,044,2026,8,S,Engine,2E,BLN,,
Express,044,2026,9,S,Engine,2E,BLN,,
Express,044,2026,10,S,Engine,2E,BLN,,
Express,044,2026,11,S,Engine,2E,BLN,,
Express,044,2026,12,S,Engine,2E,BLN,,
Express,045,2026,1,C,Engine,2E,BLN,,
Express,045,2026,2,C,Engine,2E,BLN,,
Express,045,2026,3,C,Engine,2E,BLN,,
Express,045,2026,4,C,Engine,2E,BLN,,
Express,045,2026,5,C,Engine,2E,BLN,,
Express,045,2026,6,C,Engine,2E,BLN,,
Express,045,2026,7,S,Engine,2E,BLN,,
Express,045,2026,8,S,Engine,2E,BLN,,
Express,045,2026,9,S,Engine,2E,BLN,,
Express,045,2026,10,S,Engine,2E,BLN,,
Express,045,2026,11,S,Engine,2E,BLN,,
Express,045,2026,12,S,Engine,2E,BLN,,
Express,046,2026,1,C,Engine,2E,Voy,,
Express,046,2026,2,C,Engine,2E,Voy,,
Express,046,2026,3,C,Engine,2E,Voy,,
Express,046,2026,4,C,Engine,2E,Voy,,
Express,046,2026,5,C,Engine,2E,Voy,,
Express,046,2026,6,C,Engine,2E,Voy,,
Express,046,2026,7,S,Engine,2E,Voy,,
Express,046,2026,8,S,Engine,2E,Voy,,
Express,046,2026,9,S,Engine,2E,Voy,,
Express,046,2026,10,S,Engine,2E,Voy,,
Express,046,2026,11,S,Engine,2E,Voy,,
Express,046,2026,12,S,Engine,2E,Voy,,
Express,048,2026,6,C,Engine,2E,SMT,,
Express,048,2026,12,S,Engine,2E,SMT,,
Express,059 A,2026,1,C,Deck,CO,BLN,,
Express,059 A,2026,2,C,Deck,CO,BLN,,
Express,059 A,2026,3,C,Deck,CO,BLN,,
Express,059 A,2026,4,C,Deck,CO,BLN,,
Express,059 A,2026,5,C,Deck,CO,BLN,,
Express,059 A,2026,6,C,Deck,CO,BLN,,
Express,059 A,2026,7,S,Deck,CO,BLN,,
Express,059 A,2026,8,S,Deck,CO,BLN,,
Express,059 A,2026,9,S,Deck,CO,BLN,,
Express,059 A,2026,10,S,Deck,CO,BLN,,
Express,059 A,2026,11,S,Deck,CO,BLN,,
Express,059 A,2026,12,S,Deck,CO,BLN,,
Express,059 B,2026,3,C,Engine,CE,TRW,,
Express,059 B,2026,6,C,Engine,CE,TRW,,
Express,059 B,2026,9,S,Engine,CE,TRW,,
Express,059 B,2026,12,S,Engine,CE,TRW,,
Express,059 C,2026,1,C,Deck,CO,BLN,,
Express,059 C,2026,2,C,Deck,CO,BLN,,
Express,059 C,2026,3,C,Deck,CO,BLN,,
Express,059 C,2026,4,C,Deck,CO,BLN,,
Express,059 C,2026,5,C,Deck,CO,BLN,,
Express,059 C,2026,6,C,Deck,CO,BLN,,
Express,059 C,2026,7,S,Deck,CO,BLN,,
Express,059 C,2026,8,S,Deck,CO,BLN,,
Express,059 C,2026,9,S,Deck,CO,BLN,,
Express,059 C,2026,10,S,Deck,CO,BLN,,
Express,059 C,2026,11,S,Deck,CO,BLN,,
Express,059 C,2026,12,S,Deck,CO,BLN,,
Express,059 D,2026,1,C,Engine,2E,BLN,,
Express,059 D,2026,2,C,Engine,2E,BLN,,
Express,059 D,2026,3,C,Engine,2E,BLN,,
Express,059 D,2026,4,C,Engine,2E,BLN,,
Express,059 D,2026,5,C,Engine,2E,BLN,,
Express,059 D,2026,6,C,Engine,2E,BLN,,
Express,059 D,2026,7,S,Engine,2E,BLN,,
Express,059 D,2026,8,S,Engine,2E,BLN,,
Express,059 D,2026,9,S,Engine,2E,BLN,,
Express,059 D,2026,10,S,Engine,2E,BLN,,
Express,059 D,2026,11,S,Engine,2E,BLN,,
Express,059 D,2026,12,S,Engine,2E,BLN,,
Express,059 E,2026,1,C,Engine,CE,BLN,,
Express,059 E,2026,2,C,Engine,CE,BLN,,
Express,059 E,2026,3,C,Engine,CE,BLN,,
Express,059 E,2026,4,C,Engine,CE,BLN,,
Express,059 E,2026,5,C,Engine,CE,BLN,,
Express,059 E,2026,6,C,Engine,CE,BLN,,
Express,059 E,2026,7,S,Engine,CE,BLN,,
Express,059 E,2026,8,S,Engine,CE,BLN,,
Express,059 E,2026,9,S,Engine,CE,BLN,,
Express,059 E,2026,10,S,Engine,CE,BLN,,
Express,059 E,2026,11,S,Engine,CE,BLN,,
Express,059 E,2026,12,S,Engine,CE,BLN,,
Express,059 F,2026,1,C,Deck,CO,BLN,,
Express,059 F,2026,2,C,Deck,CO,BLN,,
Express,059 F,2026,3,C,Deck,CO,BLN,,
Express,059 F,2026,4,C,Deck,CO,BLN,,
Express,059 F,2026,5,C,Deck,CO,BLN,,
Express,059 F,2026,6,S,Deck,CO,BLN,,
Express,059 F,2026,7,S,Deck,CO,BLN,,
Express,059 F,2026,8,S,Deck,CO,BLN,,
Express,059 F,2026,9,S,Deck,CO,BLN,,
Express,059 F,2026,10,S,Deck,CO,BLN,,
Express,059 F,2026,11,S,Deck,CO,BLN,,
Express,059 F,2026,12,S,Deck,CO,BLN,,
Express,059 G,2026,3,C,Deck,Master,TRW,,
Express,059 G,2026,6,C,Deck,Master,TRW,,
Express,059 G,2026,9,S,Deck,Master,TRW,,
Express,059 G,2026,12,S,Deck,Master,TRW,,
Express,059 H,2026,3,C,Deck,CO,TRW,,
Express,059 H,2026,6,C,Deck,CO,TRW,,
Express,059 H,2026,9,S,Deck,CO,TRW,,
Express,059 H,2026,12,S,Deck,CO,TRW,,
Express,059 I,2026,1,C,Engine,2E,BLN,,
Express,059 I,2026,2,C,Engine,2E,BLN,,
Express,059 I,2026,3,C,Engine,2E,BLN,,
Express,059 I,2026,4,C,Engine,2E,BLN,,
Express,059 I,2026,5,C,Engine,2E,BLN,,
Express,059 I,2026,6,C,Engine,2E,BLN,,
Express,059 I,2026,7,S,Engine,2E,BLN,,
Express,059 I,2026,8,S,Engine,2E,BLN,,
Express,059 I,2026,9,S,Engine,2E,BLN,,
Express,059 I,2026,10,S,Engine,2E,BLN,,
Express,059 I,2026,11,S,Engine,2E,BLN,,
Express,059 I,2026,12,S,Engine,2E,BLN,,
Express,059 J,2026,3,C,Engine,2E,TRW,,
Express,059 J,2026,6,C,Engine,2E,TRW,,
Express,059 J,2026,9,S,Engine,2E,TRW,,
Express,059 J,2026,12,S,Engine,2E,TRW,,
Express,060,2026,6,C,Deck,Master,SMT,,
Express,060,2026,12,S,Deck,Master,SMT,,
Express,061,2026,1,C,Deck,CO,Weekly,,
Express,061,2026,2,C,Deck,CO,Weekly,,
Express,061,2026,3,C,Deck,CO,Weekly,,
Express,061,2026,4,C,Deck,CO,Weekly,,
Express,061,2026,5,C,Deck,CO,Weekly,,
Express,061,2026,6,C,Deck,CO,Weekly,,
Express,061,2026,7,S,Deck,CO,Weekly,,
Express,061,2026,8,S,Deck,CO,Weekly,,
Express,061,2026,9,S,Deck,CO,Weekly,,
Express,061,2026,10,S,Deck,CO,Weekly,,
Express,061,2026,11,S,Deck,CO,Weekly,,
Express,061,2026,12,S,Deck,CO,Weekly,,
Express,073B,2026,1,C,Engine,CE,Voy,,
Express,073B,2026,2,C,Engine,CE,Voy,,
Express,073B,2026,3,C,Engine,CE,Voy,,
Express,073B,2026,4,C,Engine,CE,Voy,,
Express,073B,2026,5,C,Engine,CE,Voy,,
Express,073B,2026,6,C,Engine,CE,Voy,,
Express,073B,2026,7,S,Engine,CE,Voy,,
Express,073B,2026,8,S,Engine,CE,Voy,,
Express,073B,2026,9,S,Engine,CE,Voy,,
Express,073B,2026,10,S,Engine,CE,Voy,,
Express,073B,2026,11,S,Engine,CE,Voy,,
Express,073B,2026,12,S,Engine,CE,Voy,,
Express,075,2026,1,C,Deck,Master,Weekly,,
Express,075,2026,2,C,Deck,Master,Weekly,,
Express,075,2026,3,C,Deck,Master,Weekly,,
Express,075,2026,4,C,Deck,Master,Weekly,,
Express,075,2026,5,C,Deck,Master,Weekly,,
Express,075,2026,6,C,Deck,Master,Weekly,,
Express,075,2026,7,S,Deck,Master,Weekly,,
Express,075,2026,8,S,Deck,Master,Weekly,,
Express,075,2026,9,S,Deck,Master,Weekly,,
Express,075,2026,10,S,Deck,Master,Weekly,,
Express,075,2026,11,S,Deck,Master,Weekly,,
Express,075,2026,12,S,Deck,Master,Weekly,,
Express,084 A,2026,6,C,Deck,CO,SMT,,
Express,084 A,2026,12,S,Deck,CO,SMT,,
Express,084 B,2026,6,C,Deck,CO,SMT,,
Express,084 B,2026,12,S,Deck,CO,SMT,,
Express,084 C,2026,6,C,Deck,CO,SMT,,
Express,084 C,2026,12,S,Deck,CO,SMT,,
Express,084 D,2026,6,C,Deck,CO,SMT,,
Express,084 D,2026,12,S,Deck,CO,SMT,,
Express,084 E,2026,6,C,Deck,CO,SMT,,
Express,084 E,2026,12,S,Deck,CO,SMT,,
Express,084 F,2026,6,C,Deck,CO,SMT,,
Express,084 F,2026,12,S,Deck,CO,SMT,,
Express,093A,2026,1,C,Deck,Master,BLN,,
Express,093A,2026,2,C,Deck,Master,BLN,,
Express,093A,2026,3,C,Deck,Master,BLN,,
Express,093A,2026,4,C,Deck,Master,BLN,,
Express,093A,2026,5,C,Deck,Master,BLN,,
Express,093A,2026,6,C,Deck,Master,BLN,,
Express,093A,2026,7,S,Deck,Master,BLN,,
Express,093A,2026,8,S,Deck,Master,BLN,,
Express,093A,2026,9,S,Deck,Master,BLN,,
Express,093A,2026,10,S,Deck,Master,BLN,,
Express,093A,2026,11,S,Deck,Master,BLN,,
Express,093A,2026,12,S,Deck,Master,BLN,,
Express,096 B,2026,1,C,Engine,CO,BLN,,
Express,096 B,2026,2,C,Engine,CO,BLN,,
Express,096 B,2026,3,C,Engine,CO,BLN,,
Express,096 B,2026,4,C,Engine,CO,BLN,,
Express,096 B,2026,5,C,Engine,CO,BLN,,
Express,096 B,2026,6,C,Engine,CO,BLN,,
Express,096 B,2026,7,S,Engine,CO,BLN,,
Express,096 B,2026,8,S,Engine,CO,BLN,,
Express,096 B,2026,9,S,Engine,CO,BLN,,
Express,096 B,2026,10,S,Engine,CO,BLN,,
Express,096 B,2026,11,S,Engine,CO,BLN,,
Express,096 B,2026,12,S,Engine,CO,BLN,,
Mavendra,009,2026,1,C,Deck,Master,BLN,,
Mavendra,009,2026,2,C,Deck,Master,BLN,,
Mavendra,009,2026,3,C,Deck,Master,BLN,,
Mavendra,009,2026,4,C,Deck,Master,BLN,,
Mavendra,009,2026,5,C,Deck,Master,BLN,,
Mavendra,009,2026,6,C,Deck,Master,BLN,,
Mavendra,009,2026,7,S,Deck,Master,BLN,,
Mavendra,009,2026,8,S,Deck,Master,BLN,,
Mavendra,009,2026,9,S,Deck,Master,BLN,,
Mavendra,009,2026,10,S,Deck,Master,BLN,,
Mavendra,009,2026,11,S,Deck,Master,BLN,,
Mavendra,009,2026,12,S,Deck,Master,BLN,,
Mavendra,018,2026,1,C,Deck,CO,BLN,,
Mavendra,018,2026,2,C,Deck,CO,BLN,,
Mavendra,018,2026,3,C,Deck,CO,BLN,,
Mavendra,018,2026,4,C,Deck,CO,BLN,,
Mavendra,018,2026,5,C,Deck,CO,BLN,,
Mavendra,018,2026,6,S,Deck,CO,BLN,,
Mavendra,018,2026,7,S,Deck,CO,BLN,,
Mavendra,018,2026,8,S,Deck,CO,BLN,,
Mavendra,018,2026,9,S,Deck,CO,BLN,,
Mavendra,018,2026,10,S,Deck,CO,BLN,,
Mavendra,018,2026,11,S,Deck,CO,BLN,,
Mavendra,018,2026,12,S,Deck,CO,BLN,,
Mavendra,022,2026,1,C,Deck,Master,BLN,,
Mavendra,022,2026,2,C,Deck,Master,BLN,,
Mavendra,022,2026,3,C,Deck,Master,BLN,,
Mavendra,022,2026,4,C,Deck,Master,BLN,,
Mavendra,022,2026,5,C,Deck,Master,BLN,,
Mavendra,022,2026,6,S,Deck,Master,BLN,,
Mavendra,022,2026,7,S,Deck,Master,BLN,,
Mavendra,022,2026,8,S,Deck,Master,BLN,,
Mavendra,022,2026,9,S,Deck,Master,BLN,,
Mavendra,022,2026,10,S,Deck,Master,BLN,,
Mavendra,022,2026,11,S,Deck,Master,BLN,,
Mavendra,022,2026,12,S,Deck,Master,BLN,,
Mavendra,023,2026,1,C,Deck,Master,BLN,,
Mavendra,023,2026,2,C,Deck,Master,BLN,,
Mavendra,023,2026,3,C,Deck,Master,BLN,,
Mavendra,023,2026,4,C,Deck,Master,BLN,,
Mavendra,023,2026,5,C,Deck,Master,BLN,,
Mavendra,023,2026,6,S,Deck,Master,BLN,,
Mavendra,023,2026,7,S,Deck,Master,BLN,,
Mavendra,023,2026,8,S,Deck,Master,BLN,,
Mavendra,023,2026,9,S,Deck,Master,BLN,,
Mavendra,023,2026,10,S,Deck,Master,BLN,,
Mavendra,023,2026,11,S,Deck,Master,BLN,,
Mavendra,023,2026,12,S,Deck,Master,BLN,,
Mavendra,024,2026,1,C,Deck,Master,BLN,,
Mavendra,024,2026,2,C,Deck,Master,BLN,,
Mavendra,024,2026,3,C,Deck,Master,BLN,,
Mavendra,024,2026,4,C,Deck,Master,BLN,,
Mavendra,024,2026,5,C,Deck,Master,BLN,,
Mavendra,024,2026,6,C,Deck,Master,BLN,,
Mavendra,024,2026,7,S,Deck,Master,BLN,,
Mavendra,024,2026,8,S,Deck,Master,BLN,,
Mavendra,024,2026,9,S,Deck,Master,BLN,,
Mavendra,024,2026,10,S,Deck,Master,BLN,,
Mavendra,024,2026,11,S,Deck,Master,BLN,,
Mavendra,024,2026,12,S,Deck,Master,BLN,,
Mavendra,025,2026,1,C,Deck,Master,2 BLN,,
Mavendra,025,2026,3,C,Deck,Master,2 BLN,,
Mavendra,025,2026,5,C,Deck,Master,2 BLN,,
Mavendra,025,2026,7,S,Deck,Master,2 BLN,,
Mavendra,025,2026,9,S,Deck,Master,2 BLN,,
Mavendra,025,2026,11,S,Deck,Master,2 BLN,,
Mavendra,026,2026,3,C,Deck,Master,TRW,,
Mavendra,026,2026,6,C,Deck,Master,TRW,,
Mavendra,026,2026,9,S,Deck,Master,TRW,,
Mavendra,026,2026,12,S,Deck,Master,TRW,,
Mavendra,027,2026,3,C,Deck,Master,TRW,,
Mavendra,027,2026,6,C,Deck,Master,TRW,,
Mavendra,027,2026,9,S,Deck,Master,TRW,,
Mavendra,027,2026,12,S,Deck,Master,TRW,,
Mavendra,028,2026,3,C,Deck,Master,TRW,,
Mavendra,028,2026,6,C,Deck,Master,TRW,,
Mavendra,028,2026,9,S,Deck,Master,TRW,,
Mavendra,028,2026,12,S,Deck,Master,TRW,,
Mavendra,038,2026,3,C,Deck,CO,TRW,,
Mavendra,038,2026,6,C,Deck,CO,TRW,,
Mavendra,038,2026,9,S,Deck,CO,TRW,,
Mavendra,038,2026,12,S,Deck,CO,TRW,,
Mavendra,040 A,2026,1,C,Engine,CE,BLN,,
Mavendra,040 A,2026,2,C,Engine,CE,BLN,,
Mavendra,040 A,2026,3,C,Engine,CE,BLN,,
Mavendra,040 A,2026,4,S,Engine,CE,BLN,,
Mavendra,040 A,2026,5,C,Engine,CE,BLN,,
Mavendra,040 A,2026,6,C,Engine,CE,BLN,,
Mavendra,040 A,2026,7,S,Engine,CE,BLN,,
Mavendra,040 A,2026,8,S,Engine,CE,BLN,,
Mavendra,040 A,2026,9,S,Engine,CE,BLN,,
Mavendra,040 A,2026,10,S,Engine,CE,BLN,,
Mavendra,040 A,2026,11,S,Engine,CE,BLN,,
Mavendra,040 A,2026,12,S,Engine,CE,BLN,,
Mavendra,040 C,2026,1,C,Engine,CE,BLN,,
Mavendra,040 C,2026,2,C,Engine,CE,BLN,,
Mavendra,040 C,2026,3,C,Engine,CE,BLN,,
Mavendra,040 C,2026,4,C,Engine,CE,BLN,,
Mavendra,040 C,2026,5,C,Engine,CE,BLN,,
Mavendra,040 C,2026,6,C,Engine,CE,BLN,,
Mavendra,040 C,2026,7,S,Engine,CE,BLN,,
Mavendra,040 C,2026,8,S,Engine,CE,BLN,,
Mavendra,040 C,2026,9,S,Engine,CE,BLN,,
Mavendra,040 C,2026,10,S,Engine,CE,BLN,,
Mavendra,040 C,2026,11,S,Engine,CE,BLN,,
Mavendra,040 C,2026,12,S,Engine,CE,BLN,,
Mavendra,041,2026,1,C,Engine,2E,BLN,,
Mavendra,041,2026,2,C,Engine,2E,BLN,,
Mavendra,041,2026,3,C,Engine,2E,BLN,,
Mavendra,041,2026,4,C,Engine,2E,BLN,,
Mavendra,041,2026,5,C,Engine,2E,BLN,,
Mavendra,041,2026,6,C,Engine,2E,BLN,,
Mavendra,041,2026,7,S,Engine,2E,BLN,,
Mavendra,041,2026,8,S,Engine,2E,BLN,,
Mavendra,041,2026,9,S,Engine,2E,BLN,,
Mavendra,041,2026,10,S,Engine,2E,BLN,,
Mavendra,041,2026,11,S,Engine,2E,BLN,,
Mavendra,041,2026,12,S,Engine,2E,BLN,,
Mavendra,042,2026,1,C,Engine,2E,BLN,,
Mavendra,042,2026,2,C,Engine,2E,BLN,,
Mavendra,042,2026,3,C,Engine,2E,BLN,,
Mavendra,042,2026,4,C,Engine,2E,BLN,,
Mavendra,042,2026,5,C,Engine,2E,BLN,,
Mavendra,042,2026,6,C,Engine,2E,BLN,,
Mavendra,042,2026,7,S,Engine,2E,BLN,,
Mavendra,042,2026,8,S,Engine,2E,BLN,,
Mavendra,042,2026,9,S,Engine,2E,BLN,,
Mavendra,042,2026,10,S,Engine,2E,BLN,,
Mavendra,042,2026,11,S,Engine,2E,BLN,,
Mavendra,042,2026,12,S,Engine,2E,BLN,,
Mavendra,043,2026,1,C,Engine,2E,BLN,,
Mavendra,043,2026,2,C,Engine,2E,BLN,,
Mavendra,043,2026,3,C,Engine,2E,BLN,,
Mavendra,043,2026,4,C,Engine,2E,BLN,,
Mavendra,043,2026,5,C,Engine,2E,BLN,,
Mavendra,043,2026,6,C,Engine,2E,BLN,,
Mavendra,043,2026,7,S,Engine,2E,BLN,,
Mavendra,043,2026,8,S,Engine,2E,BLN,,
Mavendra,043,2026,9,S,Engine,2E,BLN,,
Mavendra,043,2026,10,S,Engine,2E,BLN,,
Mavendra,043,2026,11,S,Engine,2E,BLN,,
Mavendra,043,2026,12,S,Engine,2E,BLN,,
Mavendra,044,2026,1,C,Engine,2E,BLN,,
Mavendra,044,2026,2,C,Engine,2E,BLN,,
Mavendra,044,2026,3,C,Engine,2E,BLN,,
Mavendra,044,2026,4,C,Engine,2E,BLN,,
Mavendra,044,2026,5,C,Engine,2E,BLN,,
Mavendra,044,2026,6,C,Engine,2E,BLN,,
Mavendra,044,2026,7,S,Engine,2E,BLN,,
Mavendra,044,2026,8,S,Engine,2E,BLN,,
Mavendra,044,2026,9,S,Engine,2E,BLN,,
Mavendra,044,2026,10,S,Engine,2E,BLN,,
Mavendra,044,2026,11,S,Engine,2E,BLN,,
Mavendra,044,2026,12,S,Engine,2E,BLN,,
Mavendra,045,2026,1,C,Engine,2E,BLN,,
Mavendra,045,2026,2,C,Engine,2E,BLN,,
Mavendra,045,2026,3,C,Engine,2E,BLN,,
Mavendra,045,2026,4,C,Engine,2E,BLN,,
Mavendra,045,2026,5,C,Engine,2E,BLN,,
Mavendra,045,2026,6,C,Engine,2E,BLN,,
Mavendra,045,2026,7,S,Engine,2E,BLN,,
Mavendra,045,2026,8,S,Engine,2E,BLN,,
Mavendra,045,2026,9,S,Engine,2E,BLN,,
Mavendra,045,2026,10,S,Engine,2E,BLN,,
Mavendra,045,2026,11,S,Engine,2E,BLN,,
Mavendra,045,2026,12,S,Engine,2E,BLN,,
Mavendra,046,2026,1,C,Engine,2E,Voy,,
Mavendra,046,2026,2,C,Engine,2E,Voy,,
Mavendra,046,2026,3,C,Engine,2E,Voy,,
Mavendra,046,2026,4,C,Engine,2E,Voy,,
Mavendra,046,2026,5,C,Engine,2E,Voy,,
Mavendra,046,2026,6,C,Engine,2E,Voy,,
Mavendra,046,2026,7,S,Engine,2E,Voy,,
Mavendra,046,2026,8,S,Engine,2E,Voy,,
Mavendra,046,2026,9,S,Engine,2E,Voy,,
Mavendra,046,2026,10,S,Engine,2E,Voy,,
Mavendra,046,2026,11,S,Engine,2E,Voy,,
Mavendra,046,2026,12,S,Engine,2E,Voy,,
Mavendra,048,2026,6,C,Engine,2E,SMT,,
Mavendra,048,2026,12,S,Engine,2E,SMT,,
Mavendra,059 A,2026,1,C,Deck,CO,BLN,,
Mavendra,059 A,2026,2,C,Deck,CO,BLN,,
Mavendra,059 A,2026,3,C,Deck,CO,BLN,,
Mavendra,059 A,2026,4,C,Deck,CO,BLN,,
Mavendra,059 A,2026,5,C,Deck,CO,BLN,,
Mavendra,059 A,2026,6,C,Deck,CO,BLN,,
Mavendra,059 A,2026,7,S,Deck,CO,BLN,,
Mavendra,059 A,2026,8,S,Deck,CO,BLN,,
Mavendra,059 A,2026,9,S,Deck,CO,BLN,,
Mavendra,059 A,2026,10,S,Deck,CO,BLN,,
Mavendra,059 A,2026,11,S,Deck,CO,BLN,,
Mavendra,059 A,2026,12,S,Deck,CO,BLN,,
Mavendra,059 B,2026,3,S,Engine,CE,TRW,,
Mavendra,059 B,2026,6,S,Engine,CE,TRW,,
Mavendra,059 B,2026,9,S,Engine,CE,TRW,,
Mavendra,059 B,2026,12,S,Engine,CE,TRW,,
Mavendra,059 C,2026,1,C,Deck,CO,BLN,,
Mavendra,059 C,2026,2,C,Deck,CO,BLN,,
Mavendra,059 C,2026,3,C,Deck,CO,BLN,,
Mavendra,059 C,2026,4,C,Deck,CO,BLN,,
Mavendra,059 C,2026,5,C,Deck,CO,BLN,,
Mavendra,059 C,2026,6,C,Deck,CO,BLN,,
Mavendra,059 C,2026,7,S,Deck,CO,BLN,,
Mavendra,059 C,2026,8,S,Deck,CO,BLN,,
Mavendra,059 C,2026,9,S,Deck,CO,BLN,,
Mavendra,059 C,2026,10,S,Deck,CO,BLN,,
Mavendra,059 C,2026,11,S,Deck,CO,BLN,,
Mavendra,059 C,2026,12,S,Deck,CO,BLN,,
Mavendra,059 D,2026,1,C,Engine,2E,BLN,,
Mavendra,059 D,2026,2,C,Engine,2E,BLN,,
Mavendra,059 D,2026,3,C,Engine,2E,BLN,,
Mavendra,059 D,2026,4,C,Engine,2E,BLN,,
Mavendra,059 D,2026,5,C,Engine,2E,BLN,,
Mavendra,059 D,2026,6,C,Engine,2E,BLN,,
Mavendra,059 D,2026,7,S,Engine,2E,BLN,,
Mavendra,059 D,2026,8,S,Engine,2E,BLN,,
Mavendra,059 D,2026,9,S,Engine,2E,BLN,,
Mavendra,059 D,2026,10,S,Engine,2E,BLN,,
Mavendra,059 D,2026,11,S,Engine,2E,BLN,,
Mavendra,059 D,2026,12,S,Engine,2E,BLN,,
Mavendra,059 E,2026,1,C,Engine,CE,BLN,,
Mavendra,059 E,2026,2,C,Engine,CE,BLN,,
Mavendra,059 E,2026,3,C,Engine,CE,BLN,,
Mavendra,059 E,2026,4,C,Engine,CE,BLN,,
Mavendra,059 E,2026,5,S,Engine,CE,BLN,,
Mavendra,059 E,2026,6,S,Engine,CE,BLN,,
Mavendra,059 E,2026,7,S,Engine,CE,BLN,,
Mavendra,059 E,2026,8,S,Engine,CE,BLN,,
Mavendra,059 E,2026,9,S,Engine,CE,BLN,,
Mavendra,059 E,2026,10,S,Engine,CE,BLN,,
Mavendra,059 E,2026,11,S,Engine,CE,BLN,,
Mavendra,059 E,2026,12,S,Engine,CE,BLN,,
Mavendra,059 F,2026,1,C,Deck,CO,BLN,,
Mavendra,059 F,2026,2,C,Deck,CO,BLN,,
Mavendra,059 F,2026,3,C,Deck,CO,BLN,,
Mavendra,059 F,2026,4,C,Deck,CO,BLN,,
Mavendra,059 F,2026,5,C,Deck,CO,BLN,,
Mavendra,059 F,2026,6,C,Deck,CO,BLN,,
Mavendra,059 F,2026,7,S,Deck,CO,BLN,,
Mavendra,059 F,2026,8,S,Deck,CO,BLN,,
Mavendra,059 F,2026,9,S,Deck,CO,BLN,,
Mavendra,059 F,2026,10,S,Deck,CO,BLN,,
Mavendra,059 F,2026,11,S,Deck,CO,BLN,,
Mavendra,059 F,2026,12,S,Deck,CO,BLN,,
Mavendra,059 G,2026,3,C,Deck,Master,TRW,,
Mavendra,059 G,2026,6,C,Deck,Master,TRW,,
Mavendra,059 G,2026,9,S,Deck,Master,TRW,,
Mavendra,059 G,2026,12,S,Deck,Master,TRW,,
Mavendra,059 H,2026,3,C,Deck,CO,TRW,,
Mavendra,059 H,2026,6,C,Deck,CO,TRW,,
Mavendra,059 H,2026,9,S,Deck,CO,TRW,,
Mavendra,059 H,2026,12,S,Deck,CO,TRW,,
Mavendra,059 I,2026,1,C,Engine,2E,BLN,,
Mavendra,059 I,2026,2,C,Engine,2E,BLN,,
Mavendra,059 I,2026,3,C,Engine,2E,BLN,,
Mavendra,059 I,2026,4,C,Engine,2E,BLN,,
Mavendra,059 I,2026,5,C,Engine,2E,BLN,,
Mavendra,059 I,2026,6,C,Engine,2E,BLN,,
Mavendra,059 I,2026,7,S,Engine,2E,BLN,,
Mavendra,059 I,2026,8,S,Engine,2E,BLN,,
Mavendra,059 I,2026,9,S,Engine,2E,BLN,,
Mavendra,059 I,2026,10,S,Engine,2E,BLN,,
Mavendra,059 I,2026,11,S,Engine,2E,BLN,,
Mavendra,059 I,2026,12,S,Engine,2E,BLN,,
Mavendra,059 J,2026,3,C,Engine,2E,TRW,,
Mavendra,059 J,2026,6,C,Engine,2E,TRW,,
Mavendra,059 J,2026,9,S,Engine,2E,TRW,,
Mavendra,059 J,2026,12,S,Engine,2E,TRW,,
Mavendra,060,2026,6,C,Deck,Master,SMT,,
Mavendra,060,2026,12,S,Deck,Master,SMT,,
Mavendra,061,2026,1,C,Deck,CO,Weekly,,
Mavendra,061,2026,2,C,Deck,CO,Weekly,,
Mavendra,061,2026,3,C,Deck,CO,Weekly,,
Mavendra,061,2026,4,C,Deck,CO,Weekly,,
Mavendra,061,2026,5,C,Deck,CO,Weekly,,
Mavendra,061,2026,6,C,Deck,CO,Weekly,,
Mavendra,061,2026,7,S,Deck,CO,Weekly,,
Mavendra,061,2026,8,S,Deck,CO,Weekly,,
Mavendra,061,2026,9,S,Deck,CO,Weekly,,
Mavendra,061,2026,10,S,Deck,CO,Weekly,,
Mavendra,061,2026,11,S,Deck,CO,Weekly,,
Mavendra,061,2026,12,S,Deck,CO,Weekly,,
Mavendra,073B,2026,1,C,Engine,CE,Voy,,
Mavendra,073B,2026,2,C,Engine,CE,Voy,,
Mavendra,073B,2026,3,C,Engine,CE,Voy,,
Mavendra,073B,2026,4,C,Engine,CE,Voy,,
Mavendra,073B,2026,5,C,Engine,CE,Voy,,
Mavendra,073B,2026,6,C,Engine,CE,Voy,,
Mavendra,073B,2026,7,S,Engine,CE,Voy,,
Mavendra,073B,2026,8,S,Engine,CE,Voy,,
Mavendra,073B,2026,9,S,Engine,CE,Voy,,
Mavendra,073B,2026,10,S,Engine,CE,Voy,,
Mavendra,073B,2026,11,S,Engine,CE,Voy,,
Mavendra,073B,2026,12,S,Engine,CE,Voy,,
Mavendra,075,2026,1,C,Engine,Master,Weekly,,
Mavendra,075,2026,2,C,Engine,Master,Weekly,,
Mavendra,075,2026,3,C,Engine,Master,Weekly,,
Mavendra,075,2026,4,C,Engine,Master,Weekly,,
Mavendra,075,2026,5,C,Engine,Master,Weekly,,
Mavendra,075,2026,6,C,Engine,Master,Weekly,,
Mavendra,075,2026,7,S,Engine,Master,Weekly,,
Mavendra,075,2026,8,S,Engine,Master,Weekly,,
Mavendra,075,2026,9,S,Engine,Master,Weekly,,
Mavendra,075,2026,10,S,Engine,Master,Weekly,,
Mavendra,075,2026,11,S,Engine,Master,Weekly,,
Mavendra,075,2026,12,S,Engine,Master,Weekly,,
Mavendra,084 A,2026,6,C,Deck,CO,SMT,,
Mavendra,084 A,2026,12,S,Deck,CO,SMT,,
Mavendra,084 B,2026,6,C,Deck,CO,SMT,,
Mavendra,084 B,2026,12,S,Deck,CO,SMT,,
Mavendra,084 C,2026,6,C,Deck,CO,SMT,,
Mavendra,084 C,2026,12,S,Deck,CO,SMT,,
Mavendra,084 D,2026,6,C,Deck,CO,SMT,,
Mavendra,084 D,2026,12,S,Deck,CO,SMT,,
Mavendra,084 E,2026,6,C,Deck,CO,SMT,,
Mavendra,084 E,2026,12,S,Deck,CO,SMT,,
Mavendra,084 F,2026,6,C,Deck,CO,SMT,,
Mavendra,084 F,2026,12,S,Deck,CO,SMT,,
Mavendra,093A,2026,1,C,Deck,Master,BLN,,
Mavendra,093A,2026,2,C,Deck,Master,BLN,,
Mavendra,093A,2026,3,C,Deck,Master,BLN,,
Mavendra,093A,2026,4,C,Deck,Master,BLN,,
Mavendra,093A,2026,5,C,Deck,Master,BLN,,
Mavendra,093A,2026,6,C,Deck,Master,BLN,,
Mavendra,093A,2026,7,S,Deck,Master,BLN,,
Mavendra,093A,2026,8,S,Deck,Master,BLN,,
Mavendra,093A,2026,9,S,Deck,Master,BLN,,
Mavendra,093A,2026,10,S,Deck,Master,BLN,,
Mavendra,093A,2026,11,S,Deck,Master,BLN,,
Mavendra,093A,2026,12,S,Deck,Master,BLN,,
Mavendra,096 B,2026,1,C,Engine,CO,BLN,,
Mavendra,096 B,2026,2,C,Engine,CO,BLN,,
Mavendra,096 B,2026,3,C,Engine,CO,BLN,,
Mavendra,096 B,2026,4,C,Engine,CO,BLN,,
Mavendra,096 B,2026,5,S,Engine,CO,BLN,,
Mavendra,096 B,2026,6,C,Engine,CO,BLN,,
Mavendra,096 B,2026,7,S,Engine,CO,BLN,,
Mavendra,096 B,2026,8,S,Engine,CO,BLN,,
Mavendra,096 B,2026,9,S,Engine,CO,BLN,,
Mavendra,096 B,2026,10,S,Engine,CO,BLN,,
Mavendra,096 B,2026,11,S,Engine,CO,BLN,,
Mavendra,096 B,2026,12,S,Engine,CO,BLN,,
Prakarsa,009,2026,1,C,Deck,Master,BLN,,
Prakarsa,009,2026,2,C,Deck,Master,BLN,,
Prakarsa,009,2026,3,C,Deck,Master,BLN,,
Prakarsa,009,2026,4,C,Deck,Master,BLN,,
Prakarsa,009,2026,5,C,Deck,Master,BLN,,
Prakarsa,009,2026,6,C,Deck,Master,BLN,,
Prakarsa,009,2026,7,S,Deck,Master,BLN,,
Prakarsa,009,2026,8,S,Deck,Master,BLN,,
Prakarsa,009,2026,9,S,Deck,Master,BLN,,
Prakarsa,009,2026,10,S,Deck,Master,BLN,,
Prakarsa,009,2026,11,S,Deck,Master,BLN,,
Prakarsa,009,2026,12,S,Deck,Master,BLN,,
Prakarsa,018,2026,1,C,Deck,CO,BLN,,
Prakarsa,018,2026,2,C,Deck,CO,BLN,,
Prakarsa,018,2026,3,C,Deck,CO,BLN,,
Prakarsa,018,2026,4,C,Deck,CO,BLN,,
Prakarsa,018,2026,5,C,Deck,CO,BLN,,
Prakarsa,018,2026,6,C,Deck,CO,BLN,,
Prakarsa,018,2026,7,S,Deck,CO,BLN,,
Prakarsa,018,2026,8,S,Deck,CO,BLN,,
Prakarsa,018,2026,9,S,Deck,CO,BLN,,
Prakarsa,018,2026,10,S,Deck,CO,BLN,,
Prakarsa,018,2026,11,S,Deck,CO,BLN,,
Prakarsa,018,2026,12,S,Deck,CO,BLN,,
Prakarsa,022,2026,1,C,Deck,Master,BLN,,
Prakarsa,022,2026,2,C,Deck,Master,BLN,,
Prakarsa,022,2026,3,C,Deck,Master,BLN,,
Prakarsa,022,2026,4,C,Deck,Master,BLN,,
Prakarsa,022,2026,5,C,Deck,Master,BLN,,
Prakarsa,022,2026,6,C,Deck,Master,BLN,,
Prakarsa,022,2026,7,S,Deck,Master,BLN,,
Prakarsa,022,2026,8,S,Deck,Master,BLN,,
Prakarsa,022,2026,9,S,Deck,Master,BLN,,
Prakarsa,022,2026,10,S,Deck,Master,BLN,,
Prakarsa,022,2026,11,S,Deck,Master,BLN,,
Prakarsa,022,2026,12,S,Deck,Master,BLN,,
Prakarsa,023,2026,1,C,Deck,Master,BLN,,
Prakarsa,023,2026,2,C,Deck,Master,BLN,,
Prakarsa,023,2026,3,C,Deck,Master,BLN,,
Prakarsa,023,2026,4,C,Deck,Master,BLN,,
Prakarsa,023,2026,5,C,Deck,Master,BLN,,
Prakarsa,023,2026,6,C,Deck,Master,BLN,,
Prakarsa,023,2026,7,S,Deck,Master,BLN,,
Prakarsa,023,2026,8,S,Deck,Master,BLN,,
Prakarsa,023,2026,9,S,Deck,Master,BLN,,
Prakarsa,023,2026,10,S,Deck,Master,BLN,,
Prakarsa,023,2026,11,S,Deck,Master,BLN,,
Prakarsa,023,2026,12,S,Deck,Master,BLN,,
Prakarsa,024,2026,1,C,Deck,Master,BLN,,
Prakarsa,024,2026,2,C,Deck,Master,BLN,,
Prakarsa,024,2026,3,C,Deck,Master,BLN,,
Prakarsa,024,2026,4,C,Deck,Master,BLN,,
Prakarsa,024,2026,5,C,Deck,Master,BLN,,
Prakarsa,024,2026,6,C,Deck,Master,BLN,,
Prakarsa,024,2026,7,S,Deck,Master,BLN,,
Prakarsa,024,2026,8,S,Deck,Master,BLN,,
Prakarsa,024,2026,9,S,Deck,Master,BLN,,
Prakarsa,024,2026,10,S,Deck,Master,BLN,,
Prakarsa,024,2026,11,S,Deck,Master,BLN,,
Prakarsa,024,2026,12,S,Deck,Master,BLN,,
Prakarsa,025,2026,1,C,Deck,Master,2 BLN,,
Prakarsa,025,2026,3,C,Deck,Master,2 BLN,,
Prakarsa,025,2026,5,C,Deck,Master,2 BLN,,
Prakarsa,025,2026,7,S,Deck,Master,2 BLN,,
Prakarsa,025,2026,9,S,Deck,Master,2 BLN,,
Prakarsa,025,2026,11,S,Deck,Master,2 BLN,,
Prakarsa,026,2026,3,C,Deck,Master,TRW,,
Prakarsa,026,2026,6,C,Deck,Master,TRW,,
Prakarsa,026,2026,9,S,Deck,Master,TRW,,
Prakarsa,026,2026,12,S,Deck,Master,TRW,,
Prakarsa,027,2026,3,C,Deck,Master,TRW,,
Prakarsa,027,2026,6,C,Deck,Master,TRW,,
Prakarsa,027,2026,9,S,Deck,Master,TRW,,
Prakarsa,027,2026,12,S,Deck,Master,TRW,,
Prakarsa,028,2026,3,C,Deck,Master,TRW,,
Prakarsa,028,2026,6,C,Deck,Master,TRW,,
Prakarsa,028,2026,9,S,Deck,Master,TRW,,
Prakarsa,028,2026,12,S,Deck,Master,TRW,,
Prakarsa,038,2026,3,C,Deck,CO,TRW,,
Prakarsa,038,2026,6,C,Deck,CO,TRW,,
Prakarsa,038,2026,9,S,Deck,CO,TRW,,
Prakarsa,038,2026,12,S,Deck,CO,TRW,,
Prakarsa,040 A,2026,1,C,Engine,CE,BLN,,
Prakarsa,040 A,2026,2,C,Engine,CE,BLN,,
Prakarsa,040 A,2026,3,C,Engine,CE,BLN,,
Prakarsa,040 A,2026,4,C,Engine,CE,BLN,,
Prakarsa,040 A,2026,5,S,Engine,CE,BLN,,
Prakarsa,040 A,2026,6,C,Engine,CE,BLN,,
Prakarsa,040 A,2026,7,S,Engine,CE,BLN,,
Prakarsa,040 A,2026,8,S,Engine,CE,BLN,,
Prakarsa,040 A,2026,9,S,Engine,CE,BLN,,
Prakarsa,040 A,2026,10,S,Engine,CE,BLN,,
Prakarsa,040 A,2026,11,S,Engine,CE,BLN,,
Prakarsa,040 A,2026,12,S,Engine,CE,BLN,,
Prakarsa,040 C,2026,1,C,Engine,CE,BLN,,
Prakarsa,040 C,2026,2,C,Engine,CE,BLN,,
Prakarsa,040 C,2026,3,C,Engine,CE,BLN,,
Prakarsa,040 C,2026,4,C,Engine,CE,BLN,,
Prakarsa,040 C,2026,5,S,Engine,CE,BLN,,
Prakarsa,040 C,2026,6,C,Engine,CE,BLN,,
Prakarsa,040 C,2026,7,S,Engine,CE,BLN,,
Prakarsa,040 C,2026,8,S,Engine,CE,BLN,,
Prakarsa,040 C,2026,9,S,Engine,CE,BLN,,
Prakarsa,040 C,2026,10,S,Engine,CE,BLN,,
Prakarsa,040 C,2026,11,S,Engine,CE,BLN,,
Prakarsa,040 C,2026,12,S,Engine,CE,BLN,,
Prakarsa,041,2026,1,C,Engine,2E,BLN,,
Prakarsa,041,2026,2,C,Engine,2E,BLN,,
Prakarsa,041,2026,3,C,Engine,2E,BLN,,
Prakarsa,041,2026,4,C,Engine,2E,BLN,,
Prakarsa,041,2026,5,C,Engine,2E,BLN,,
Prakarsa,041,2026,6,C,Engine,2E,BLN,,
Prakarsa,041,2026,7,S,Engine,2E,BLN,,
Prakarsa,041,2026,8,S,Engine,2E,BLN,,
Prakarsa,041,2026,9,S,Engine,2E,BLN,,
Prakarsa,041,2026,10,S,Engine,2E,BLN,,
Prakarsa,041,2026,11,S,Engine,2E,BLN,,
Prakarsa,041,2026,12,S,Engine,2E,BLN,,
Prakarsa,042,2026,1,C,Engine,2E,BLN,,
Prakarsa,042,2026,2,C,Engine,2E,BLN,,
Prakarsa,042,2026,3,C,Engine,2E,BLN,,
Prakarsa,042,2026,4,C,Engine,2E,BLN,,
Prakarsa,042,2026,5,C,Engine,2E,BLN,,
Prakarsa,042,2026,6,C,Engine,2E,BLN,,
Prakarsa,042,2026,7,S,Engine,2E,BLN,,
Prakarsa,042,2026,8,S,Engine,2E,BLN,,
Prakarsa,042,2026,9,S,Engine,2E,BLN,,
Prakarsa,042,2026,10,S,Engine,2E,BLN,,
Prakarsa,042,2026,11,S,Engine,2E,BLN,,
Prakarsa,042,2026,12,S,Engine,2E,BLN,,
Prakarsa,043,2026,1,C,Engine,2E,BLN,,
Prakarsa,043,2026,2,C,Engine,2E,BLN,,
Prakarsa,043,2026,3,C,Engine,2E,BLN,,
Prakarsa,043,2026,4,C,Engine,2E,BLN,,
Prakarsa,043,2026,5,C,Engine,2E,BLN,,
Prakarsa,043,2026,6,C,Engine,2E,BLN,,
Prakarsa,043,2026,7,S,Engine,2E,BLN,,
Prakarsa,043,2026,8,S,Engine,2E,BLN,,
Prakarsa,043,2026,9,S,Engine,2E,BLN,,
Prakarsa,043,2026,10,S,Engine,2E,BLN,,
Prakarsa,043,2026,11,S,Engine,2E,BLN,,
Prakarsa,043,2026,12,S,Engine,2E,BLN,,
Prakarsa,044,2026,1,C,Engine,2E,BLN,,
Prakarsa,044,2026,2,C,Engine,2E,BLN,,
Prakarsa,044,2026,3,C,Engine,2E,BLN,,
Prakarsa,044,2026,4,C,Engine,2E,BLN,,
Prakarsa,044,2026,5,C,Engine,2E,BLN,,
Prakarsa,044,2026,6,C,Engine,2E,BLN,,
Prakarsa,044,2026,7,S,Engine,2E,BLN,,
Prakarsa,044,2026,8,S,Engine,2E,BLN,,
Prakarsa,044,2026,9,S,Engine,2E,BLN,,
Prakarsa,044,2026,10,S,Engine,2E,BLN,,
Prakarsa,044,2026,11,S,Engine,2E,BLN,,
Prakarsa,044,2026,12,S,Engine,2E,BLN,,
Prakarsa,045,2026,1,C,Engine,2E,BLN,,
Prakarsa,045,2026,2,C,Engine,2E,BLN,,
Prakarsa,045,2026,3,C,Engine,2E,BLN,,
Prakarsa,045,2026,4,C,Engine,2E,BLN,,
Prakarsa,045,2026,5,S,Engine,2E,BLN,,
Prakarsa,045,2026,6,C,Engine,2E,BLN,,
Prakarsa,045,2026,7,S,Engine,2E,BLN,,
Prakarsa,045,2026,8,S,Engine,2E,BLN,,
Prakarsa,045,2026,9,S,Engine,2E,BLN,,
Prakarsa,045,2026,10,S,Engine,2E,BLN,,
Prakarsa,045,2026,11,S,Engine,2E,BLN,,
Prakarsa,045,2026,12,S,Engine,2E,BLN,,
Prakarsa,046,2026,1,C,Engine,2E,Voy,,
Prakarsa,046,2026,2,C,Engine,2E,Voy,,
Prakarsa,046,2026,3,C,Engine,2E,Voy,,
Prakarsa,046,2026,4,C,Engine,2E,Voy,,
Prakarsa,046,2026,5,C,Engine,2E,Voy,,
Prakarsa,046,2026,6,C,Engine,2E,Voy,,
Prakarsa,046,2026,7,S,Engine,2E,Voy,,
Prakarsa,046,2026,8,S,Engine,2E,Voy,,
Prakarsa,046,2026,9,S,Engine,2E,Voy,,
Prakarsa,046,2026,10,S,Engine,2E,Voy,,
Prakarsa,046,2026,11,S,Engine,2E,Voy,,
Prakarsa,046,2026,12,S,Engine,2E,Voy,,
Prakarsa,048,2026,6,S,Engine,2E,SMT,,
Prakarsa,048,2026,12,S,Engine,2E,SMT,,
Prakarsa,059 A,2026,1,C,Deck,CO,BLN,,
Prakarsa,059 A,2026,2,C,Deck,CO,BLN,,
Prakarsa,059 A,2026,3,C,Deck,CO,BLN,,
Prakarsa,059 A,2026,4,C,Deck,CO,BLN,,
Prakarsa,059 A,2026,5,C,Deck,CO,BLN,,
Prakarsa,059 A,2026,6,C,Deck,CO,BLN,,
Prakarsa,059 A,2026,7,S,Deck,CO,BLN,,
Prakarsa,059 A,2026,8,S,Deck,CO,BLN,,
Prakarsa,059 A,2026,9,S,Deck,CO,BLN,,
Prakarsa,059 A,2026,10,S,Deck,CO,BLN,,
Prakarsa,059 A,2026,11,S,Deck,CO,BLN,,
Prakarsa,059 A,2026,12,S,Deck,CO,BLN,,
Prakarsa,059 B,2026,3,C,Engine,CE,TRW,,
Prakarsa,059 B,2026,6,C,Engine,CE,TRW,,
Prakarsa,059 B,2026,9,S,Engine,CE,TRW,,
Prakarsa,059 B,2026,12,S,Engine,CE,TRW,,
Prakarsa,059 C,2026,1,C,Deck,CO,BLN,,
Prakarsa,059 C,2026,2,C,Deck,CO,BLN,,
Prakarsa,059 C,2026,3,C,Deck,CO,BLN,,
Prakarsa,059 C,2026,4,C,Deck,CO,BLN,,
Prakarsa,059 C,2026,5,C,Deck,CO,BLN,,
Prakarsa,059 C,2026,6,C,Deck,CO,BLN,,
Prakarsa,059 C,2026,7,S,Deck,CO,BLN,,
Prakarsa,059 C,2026,8,S,Deck,CO,BLN,,
Prakarsa,059 C,2026,9,S,Deck,CO,BLN,,
Prakarsa,059 C,2026,10,S,Deck,CO,BLN,,
Prakarsa,059 C,2026,11,S,Deck,CO,BLN,,
Prakarsa,059 C,2026,12,S,Deck,CO,BLN,,
Prakarsa,059 D,2026,1,C,Engine,2E,BLN,,
Prakarsa,059 D,2026,2,C,Engine,2E,BLN,,
Prakarsa,059 D,2026,3,C,Engine,2E,BLN,,
